{
  "id": "",
  "name": "",
  "font_family": "iconfont",
  "css_prefix_text": "icon-",
  "description": "",
  "glyphs": [
    {
      "icon_id": "957599",
      "name": "验证码",
      "font_class": "yanzhengma",
      "unicode": "e6a0",
      "unicode_decimal": 59040
    },
    {
      "icon_id": "2945828",
      "name": "注册服务",
      "font_class": "zhucefuwu",
      "unicode": "e61f",
      "unicode_decimal": 58911
    },
    {
      "icon_id": "8358891",
      "name": "密码锁",
      "font_class": "mimasuo",
      "unicode": "e697",
      "unicode_decimal": 59031
    },
    {
      "icon_id": "10885622",
      "name": "密码",
      "font_class": "mima",
      "unicode": "e617",
      "unicode_decimal": 58903
    },
    {
      "icon_id": "11776580",
      "name": "登录",
      "font_class": "denglu",
      "unicode": "e611",
      "unicode_decimal": 58897
    }
  ]
}
